"ID","YearStart","YearEnd","Description","LocationAbbr","LocationDesc","DataSource","Class","Topic","Question","Response","Data_Value_Unit","DataValueTypeId","Data_Value_Type","Data_Value","Data_Value_Footnote_Symbol","Data_Value_Footnote","Low_Confidence_Limit","High_Confidence_Limit","Sample_Size","GeoLocation_Lat","GeoLocation_Long","ClassId","TopicId","QuestionId","ResponseId","StratficationCategory1","StratificationCategoryId1","Stratification1","StratificationId1","StratificationCategory2","StratificationCategoryId2","Stratification2","StratificationId2","StratificationCategory3","StratificationCategoryId3","Stratification3","StratificationId3","LocationDisplayOrder","FootnoteSymbol","FootnoteText","URL","FootnoteHeading"
"56422","2017","2017","2017","US","National","BRFSS","Obesity / Weight Status","Obesity / Weight Status","Percent of adults aged 18 years and older who have obesity †","","","VALUE","Value","35.6","","","34.5","36.8","27,768","","","OWS","OWS1","Q036","","Education","EDU","Less than high school","EDUHS","","","","","","","","","0","","","",""
"56423","2017","2017","2017","US","National","BRFSS","Obesity / Weight Status","Obesity / Weight Status","Percent of adults aged 18 years and older who have obesity †","","","VALUE","Value","32.9","","","32.3","33.5","111,007","","","OWS","OWS1","Q036","","Education","EDU","High school graduate","EDUHSGRAD","","","","","","","","","0","","","",""
"56424","2017","2017","2017","US","National","BRFSS","Obesity / Weight Status","Obesity / Weight Status","Percent of adults aged 18 years and older who have obesity †","","","VALUE","Value","31.9","","","31.3","32.5","113,782","","","OWS","OWS1","Q036","","Education","EDU","Some college or technical school","EDUCOTEC","","","","","","","","","0","","","",""
"56425","2017","2017","2017","US","National","BRFSS","Obesity / Weight Status","Obesity / Weight Status","Percent of adults aged 18 years and older who have obesity †","","","VALUE","Value","22.7","","","22.3","23.1","155,016","","","OWS","OWS1","Q036","","Education","EDU","College graduate","EDUCOGRAD","","","","","","","","","0","","","",""
"56854","2017","2017","2017","AL","Alabama","BRFSS","Obesity / Weight Status","Obesity / Weight Status","Percent of adults aged 18 years and older who have obesity †","","","VALUE","Value","41.2","","","36.6","45.9","750","32.84057112200048","-86.63186076199969","OWS","OWS1","Q036","","Education","EDU","Less than high school","EDUHS","","","","","","","","","1","","","",""
"56855","2017","2017","2017","AL","Alabama","BRFSS","Obesity / Weight Status","Obesity / Weight Status","Percent of adults aged 18 years and older who have obesity †","","","VALUE","Value","37.1","","","34.2","40.1","1,881","32.84057112200048","-86.63186076199969","OWS","OWS1","Q036","","Education","EDU","High school graduate","EDUHSGRAD","","","","","","","","","1","","","",""
"56856","2017","2017","2017","AL","Alabama","BRFSS","Obesity / Weight Status","Obesity / Weight Status","Percent of adults aged 18 years and older who have obesity †","","","VALUE","Value","36.3","","","33.4","39.3","1,789","32.84057112200048","-86.63186076199969","OWS","OWS1","Q036","","Education","EDU","Some college or technical school","EDUCOTEC","","","","","","","","","1","","","",""
"56857","2017","2017","2017","AL","Alabama","BRFSS","Obesity / Weight Status","Obesity / Weight Status","Percent of adults aged 18 years and older who have obesity †","","","VALUE","Value","31.7","","","29.1","34.5","1,817","32.84057112200048","-86.63186076199969","OWS","OWS1","Q036","","Education","EDU","College graduate","EDUCOGRAD","","","","","","","","","1","","","",""
"56881","2017","2017","2017","AK","Alaska","BRFSS","Obesity / Weight Status","Obesity / Weight Status","Percent of adults aged 18 years and older who have obesity †","","","VALUE","Value","37.3","","","26.2","50.0","193","64.84507995700051","-147.72205903599973","OWS","OWS1","Q036","","Education","EDU","Less than high school","EDUHS","","","","","","","","","2","","","",""
"56882","2017","2017","2017","AK","Alaska","BRFSS","Obesity / Weight Status","Obesity / Weight Status","Percent of adults aged 18 years and older who have obesity †","","","VALUE","Value","30.0","","","25.0","35.7","820","64.84507995700051","-147.72205903599973","OWS","OWS1","Q036","","Education","EDU","High school graduate","EDUHSGRAD","","","","","","","","","2","","","",""
"56883","2017","2017","2017","AK","Alaska","BRFSS","Obesity / Weight Status","Obesity / Weight Status","Percent of adults aged 18 years and older who have obesity †","","","VALUE","Value","38.9","","","33.9","44.0","867","64.84507995700051","-147.72205903599973","OWS","OWS1","Q036","","Education","EDU","Some college or technical school","EDUCOTEC","","","","","","","","","2","","","",""
"56884","2017","2017","2017","AK","Alaska","BRFSS","Obesity / Weight Status","Obesity / Weight Status","Percent of adults aged 18 years and older who have obesity †","","","VALUE","Value","30.7","","","26.6","35.1","1,138","64.84507995700051","-147.72205903599973","OWS","OWS1","Q036","","Education","EDU","College graduate","EDUCOGRAD","","","","","","","","","2","","","",""
"56908","2017","2017","2017","AZ","Arizona","BRFSS","Obesity / Weight Status","Obesity / Weight Status","Percent of adults aged 18 years and older who have obesity †","","","VALUE","Value","33.9","","","30.3","37.7","870","34.865970280000454","-111.76381127699972","OWS","OWS1","Q036","","Education","EDU","Less than high school","EDUHS","","","","","","","","","4","","","",""
"56909","2017","2017","2017","AZ","Arizona","BRFSS","Obesity / Weight Status","Obesity / Weight Status","Percent of adults aged 18 years and older who have obesity †","","","VALUE","Value","32.8","","","30.9","34.8","3,287","34.865970280000454","-111.76381127699972","OWS","OWS1","Q036","","Education","EDU","High school graduate","EDUHSGRAD","","","","","","","","","4","","","",""
"56910","2017","2017","2017","AZ","Arizona","BRFSS","Obesity / Weight Status","Obesity / Weight Status","Percent of adults aged 18 years and older who have obesity †","","","VALUE","Value","30.3","","","28.6","31.9","4,437","34.865970280000454","-111.76381127699972","OWS","OWS1","Q036","","Education","EDU","Some college or technical school","EDUCOTEC","","","","","","","","","4","","","",""
"56911","2017","2017","2017","AZ","Arizona","BRFSS","Obesity / Weight Status","Obesity / Weight Status","Percent of adults aged 18 years and older who have obesity †","","","VALUE","Value","22.3","","","21.0","23.7","5,533","34.865970280000454","-111.76381127699972","OWS","OWS1","Q036","","Education","EDU","College graduate","EDUCOGRAD","","","","","","","","","4","","","",""
"57303","2017","2017","2017","AR","Arkansas","BRFSS","Obesity / Weight Status","Obesity / Weight Status","Percent of adults aged 18 years and older who have obesity †","","","VALUE","Value","38.7","","","31.1","46.9","439","34.74865012400045","-92.27449074299966","OWS","OWS1","Q036","","Education","EDU","Less than high school","EDUHS","","","","","","","","","5","","","",""
"57304","2017","2017","2017","AR","Arkansas","BRFSS","Obesity / Weight Status","Obesity / Weight Status","Percent of adults aged 18 years and older who have obesity †","","","VALUE","Value","34.6","","","30.6","38.7","1,655","34.74865012400045","-92.27449074299966","OWS","OWS1","Q036","","Education","EDU","High school graduate","EDUHSGRAD","","","","","","","","","5","","","",""
"57305","2017","2017","2017","AR","Arkansas","BRFSS","Obesity / Weight Status","Obesity / Weight Status","Percent of adults aged 18 years and older who have obesity †","","","VALUE","Value","38.5","","","34.1","43.1","1,322","34.74865012400045","-92.27449074299966","OWS","OWS1","Q036","","Education","EDU","Some college or technical school","EDUCOTEC","","","","","","","","","5","","","",""
"57306","2017","2017","2017","AR","Arkansas","BRFSS","Obesity / Weight Status","Obesity / Weight Status","Percent of adults aged 18 years and older who have obesity †","","","VALUE","Value","27.9","","","24.2","32.0","1,456","34.74865012400045","-92.27449074299966","OWS","OWS1","Q036","","Education","EDU","College graduate","EDUCOGRAD","","","","","","","","","5","","","",""
"57330","2017","2017","2017","CA","California","BRFSS","Obesity / Weight Status","Obesity / Weight Status","Percent of adults aged 18 years and older who have obesity †","","","VALUE","Value","34.0","","","30.4","37.8","920","37.63864012300047","-120.99999953799971","OWS","OWS1","Q036","","Education","EDU","Less than high school","EDUHS","","","","","","","","","6","","","",""
"57331","2017","2017","2017","CA","California","BRFSS","Obesity / Weight Status","Obesity / Weight Status","Percent of adults aged 18 years and older who have obesity †","","","VALUE","Value","28.7","","","25.8","31.9","1,538","37.63864012300047","-120.99999953799971","OWS","OWS1","Q036","","Education","EDU","High school graduate","EDUHSGRAD","","","","","","","","","6","","","",""
"57332","2017","2017","2017","CA","California","BRFSS","Obesity / Weight Status","Obesity / Weight Status","Percent of adults aged 18 years and older who have obesity †","","","VALUE","Value","28.0","","","25.6","30.6","2,151","37.63864012300047","-120.99999953799971","OWS","OWS1","Q036","","Education","EDU","Some college or technical school","EDUCOTEC","","","","","","","","","6","","","",""
"57333","2017","2017","2017","CA","California","BRFSS","Obesity / Weight Status","Obesity / Weight Status","Percent of adults aged 18 years and older who have obesity †","","","VALUE","Value","14.4","","","13.1","15.9","3,853","37.63864012300047","-120.99999953799971","OWS","OWS1","Q036","","Education","EDU","College graduate","EDUCOGRAD","","","","","","","","","6","","","",""
"57357","2017","2017","2017","CO","Colorado","BRFSS","Obesity / Weight Status","Obesity / Weight Status","Percent of adults aged 18 years and older who have obesity †","","","VALUE","Value","27.7","","","23.1","32.9","426","38.843840757000464","-106.13361092099967","OWS","OWS1","Q036","","Education","EDU","Less than high school","EDUHS","","","","","","","","","8","","","",""
"57358","2017","2017","2017","CO","Colorado","BRFSS","Obesity / Weight Status","Obesity / Weight Status","Percent of adults aged 18 years and older who have obesity †","","","VALUE","Value","25.1","","","22.8","27.5","1,881","38.843840757000464","-106.13361092099967","OWS","OWS1","Q036","","Education","EDU","High school graduate","EDUHSGRAD","","","","","","","","","8","","","",""
"57359","2017","2017","2017","CO","Colorado","BRFSS","Obesity / Weight Status","Obesity / Weight Status","Percent of adults aged 18 years and older who have obesity †","","","VALUE","Value","25.7","","","23.7","27.8","2,495","38.843840757000464","-106.13361092099967","OWS","OWS1","Q036","","Education","EDU","Some college or technical school","EDUCOTEC","","","","","","","","","8","","","",""
"57360","2017","2017","2017","CO","Colorado","BRFSS","Obesity / Weight Status","Obesity / Weight Status","Percent of adults aged 18 years and older who have obesity †","","","VALUE","Value","17.0","","","15.7","18.4","4,240","38.843840757000464","-106.13361092099967","OWS","OWS1","Q036","","Education","EDU","College graduate","EDUCOGRAD","","","","","","","","","8","","","",""
"57384","2017","2017","2017","CT","Connecticut","BRFSS","Obesity / Weight Status","Obesity / Weight Status","Percent of adults aged 18 years and older who have obesity †","","","VALUE","Value","33.0","","","27.6","38.8","419","41.56266102000046","-72.64984095199964","OWS","OWS1","Q036","","Education","EDU","Less than high school","EDUHS","","","","","","","","","9","","","",""
"57385","2017","2017","2017","CT","Connecticut","BRFSS","Obesity / Weight Status","Obesity / Weight Status","Percent of adults aged 18 years and older who have obesity †","","","VALUE","Value","31.3","","","28.8","33.9","2,246","41.56266102000046","-72.64984095199964","OWS","OWS1","Q036","","Education","EDU","High school graduate","EDUHSGRAD","","","","","","","","","9","","","",""
"57386","2017","2017","2017","CT","Connecticut","BRFSS","Obesity / Weight Status","Obesity / Weight Status","Percent of adults aged 18 years and older who have obesity †","","","VALUE","Value","28.6","","","26.1","31.1","2,193","41.56266102000046","-72.64984095199964","OWS","OWS1","Q036","","Education","EDU","Some college or technical school","EDUCOTEC","","","","","","","","","9","","","",""
"57387","2017","2017","2017","CT","Connecticut","BRFSS","Obesity / Weight Status","Obesity / Weight Status","Percent of adults aged 18 years and older who have obesity †","","","VALUE","Value","20.5","","","19.0","22.0","4,620","41.56266102000046","-72.64984095199964","OWS","OWS1","Q036","","Education","EDU","College graduate","EDUCOGRAD","","","","","","","","","9","","","",""
"57699","2017","2017","2017","DE","Delaware","BRFSS","Obesity / Weight Status","Obesity / Weight Status","Percent of adults aged 18 years and older who have obesity †","","","VALUE","Value","35.2","","","28.4","42.6","312","39.008830667000495","-75.57774116799965","OWS","OWS1","Q036","","Education","EDU","Less than high school","EDUHS","","","","","","","","","10","","","",""
"57700","2017","2017","2017","DE","Delaware","BRFSS","Obesity / Weight Status","Obesity / Weight Status","Percent of adults aged 18 years and older who have obesity †","","","VALUE","Value","35.3","","","31.2","39.5","1,062","39.008830667000495","-75.57774116799965","OWS","OWS1","Q036","","Education","EDU","High school graduate","EDUHSGRAD","","","","","","","","","10","","","",""
"57701","2017","2017","2017","DE","Delaware","BRFSS","Obesity / Weight Status","Obesity / Weight Status","Percent of adults aged 18 years and older who have obesity †","","","VALUE","Value","31.1","","","27.2","35.2","930","39.008830667000495","-75.57774116799965","OWS","OWS1","Q036","","Education","EDU","Some college or technical school","EDUCOTEC","","","","","","","","","10","","","",""
"57702","2017","2017","2017","DE","Delaware","BRFSS","Obesity / Weight Status","Obesity / Weight Status","Percent of adults aged 18 years and older who have obesity †","","","VALUE","Value","27.9","","","24.8","31.2","1,330","39.008830667000495","-75.57774116799965","OWS","OWS1","Q036","","Education","EDU","College graduate","EDUCOGRAD","","","","","","","","","10","","","",""
"57726","2017","2017","2017","DC","District of Columbia","BRFSS","Obesity / Weight Status","Obesity / Weight Status","Percent of adults aged 18 years and older who have obesity †","","","VALUE","Value","34.8","","","27.3","43.2","227","38.89037138500049","-77.03196112699965","OWS","OWS1","Q036","","Education","EDU","Less than high school","EDUHS","","","","","","","","","11","","","",""
"57727","2017","2017","2017","DC","District of Columbia","BRFSS","Obesity / Weight Status","Obesity / Weight Status","Percent of adults aged 18 years and older who have obesity †","","","VALUE","Value","32.8","","","29.3","36.5","966","38.89037138500049","-77.03196112699965","OWS","OWS1","Q036","","Education","EDU","High school graduate","EDUHSGRAD","","","","","","","","","11","","","",""
"57728","2017","2017","2017","DC","District of Columbia","BRFSS","Obesity / Weight Status","Obesity / Weight Status","Percent of adults aged 18 years and older who have obesity †","","","VALUE","Value","28.2","","","24.6","32.2","806","38.89037138500049","-77.03196112699965","OWS","OWS1","Q036","","Education","EDU","Some college or technical school","EDUCOTEC","","","","","","","","","11","","","",""
"57729","2017","2017","2017","DC","District of Columbia","BRFSS","Obesity / Weight Status","Obesity / Weight Status","Percent of adults aged 18 years and older who have obesity †","","","VALUE","Value","15.3","","","13.5","17.3","2,081","38.89037138500049","-77.03196112699965","OWS","OWS1","Q036","","Education","EDU","College graduate","EDUCOGRAD","","","","","","","","","11","","","",""
"57753","2017","2017","2017","FL","Florida","BRFSS","Obesity / Weight Status","Obesity / Weight Status","Percent of adults aged 18 years and older who have obesity †","","","VALUE","Value","32.5","","","28.2","37.1","2,019","28.932040377000476","-81.92896053899966","OWS","OWS1","Q036","","Education","EDU","Less than high school","EDUHS","","","","","","","","","12","","","",""
"57754","2017","2017","2017","FL","Florida","BRFSS","Obesity / Weight Status","Obesity / Weight Status","Percent of adults aged 18 years and older who have obesity †","","","VALUE","Value","31.2","","","28.3","34.3","5,920","28.932040377000476","-81.92896053899966","OWS","OWS1","Q036","","Education","EDU","High school graduate","EDUHSGRAD","","","","","","","","","12","","","",""
"57755","2017","2017","2017","FL","Florida","BRFSS","Obesity / Weight Status","Obesity / Weight Status","Percent of adults aged 18 years and older who have obesity †","","","VALUE","Value","28.7","","","26.3","31.3","5,978","28.932040377000476","-81.92896053899966","OWS","OWS1","Q036","","Education","EDU","Some college or technical school","EDUCOTEC","","","","","","","","","12","","","",""
"57756","2017","2017","2017","FL","Florida","BRFSS","Obesity / Weight Status","Obesity / Weight Status","Percent of adults aged 18 years and older who have obesity †","","","VALUE","Value","23.1","","","20.6","25.7","5,942","28.932040377000476","-81.92896053899966","OWS","OWS1","Q036","","Education","EDU","College graduate","EDUCOGRAD","","","","","","","","","12","","","",""
"57398","2017","2017","2017","GA","Georgia","BRFSS","Obesity / Weight Status","Obesity / Weight Status","Percent of adults aged 18 years and older who have obesity †","","","VALUE","Value","35.0","","","29.9","40.5","554","32.83968109300048","-83.62758034599966","OWS","OWS1","Q036","","Education","EDU","Less than high school","EDUHS","","","","","","","","","13","","","",""
"57399","2017","2017","2017","GA","Georgia","BRFSS","Obesity / Weight Status","Obesity / Weight Status","Percent of adults aged 18 years and older who have obesity †","","","VALUE","Value","34.2","","","31.2","37.3","1,445","32.83968109300048","-83.62758034599966","OWS","OWS1","Q036","","Education","EDU","High school graduate","EDUHSGRAD","","","","","","","","","13","","","",""
"57400","2017","2017","2017","GA","Georgia","BRFSS","Obesity / Weight Status","Obesity / Weight Status","Percent of adults aged 18 years and older who have obesity †","","","VALUE","Value","32.7","","","29.7","35.8","1,339","32.83968109300048","-83.62758034599966","OWS","OWS1","Q036","","Education","EDU","Some college or technical school","EDUCOTEC","","","","","","","","","13","","","",""
"57401","2017","2017","2017","GA","Georgia","BRFSS","Obesity / Weight Status","Obesity / Weight Status","Percent of adults aged 18 years and older who have obesity †","","","VALUE","Value","25.9","","","23.6","28.3","2,021","32.83968109300048","-83.62758034599966","OWS","OWS1","Q036","","Education","EDU","College graduate","EDUCOGRAD","","","","","","","","","13","","","",""
"57425","2017","2017","2017","HI","Hawaii","BRFSS","Obesity / Weight Status","Obesity / Weight Status","Percent of adults aged 18 years and older who have obesity †","","","VALUE","Value","30.0","","","23.5","37.3","269","21.304850435000446","-157.85774940299973","OWS","OWS1","Q036","","Education","EDU","Less than high school","EDUHS","","","","","","","","","15","","","",""
"57426","2017","2017","2017","HI","Hawaii","BRFSS","Obesity / Weight Status","Obesity / Weight Status","Percent of adults aged 18 years and older who have obesity †","","","VALUE","Value","28.6","","","25.9","31.4","1,806","21.304850435000446","-157.85774940299973","OWS","OWS1","Q036","","Education","EDU","High school graduate","EDUHSGRAD","","","","","","","","","15","","","",""
"57427","2017","2017","2017","HI","Hawaii","BRFSS","Obesity / Weight Status","Obesity / Weight Status","Percent of adults aged 18 years and older who have obesity †","","","VALUE","Value","23.3","","","21.0","25.7","2,108","21.304850435000446","-157.85774940299973","OWS","OWS1","Q036","","Education","EDU","Some college or technical school","EDUCOTEC","","","","","","","","","15","","","",""
"57428","2017","2017","2017","HI","Hawaii","BRFSS","Obesity / Weight Status","Obesity / Weight Status","Percent of adults aged 18 years and older who have obesity †","","","VALUE","Value","17.8","","","16.2","19.6","3,130","21.304850435000446","-157.85774940299973","OWS","OWS1","Q036","","Education","EDU","College graduate","EDUCOGRAD","","","","","","","","","15","","","",""
"57452","2017","2017","2017","ID","Idaho","BRFSS","Obesity / Weight Status","Obesity / Weight Status","Percent of adults aged 18 years and older who have obesity †","","","VALUE","Value","30.9","","","24.5","38.1","290","43.682630005000476","-114.3637300419997","OWS","OWS1","Q036","","Education","EDU","Less than high school","EDUHS","","","","","","","","","16","","","",""
"57453","2017","2017","2017","ID","Idaho","BRFSS","Obesity / Weight Status","Obesity / Weight Status","Percent of adults aged 18 years and older who have obesity †","","","VALUE","Value","32.3","","","28.7","36.0","1,210","43.682630005000476","-114.3637300419997","OWS","OWS1","Q036","","Education","EDU","High school graduate","EDUHSGRAD","","","","","","","","","16","","","",""
"57454","2017","2017","2017","ID","Idaho","BRFSS","Obesity / Weight Status","Obesity / Weight Status","Percent of adults aged 18 years and older who have obesity †","","","VALUE","Value","29.6","","","26.7","32.6","1,498","43.682630005000476","-114.3637300419997","OWS","OWS1","Q036","","Education","EDU","Some college or technical school","EDUCOTEC","","","","","","","","","16","","","",""
"57455","2017","2017","2017","ID","Idaho","BRFSS","Obesity / Weight Status","Obesity / Weight Status","Percent of adults aged 18 years and older who have obesity †","","","VALUE","Value","24.8","","","22.0","27.8","1,603","43.682630005000476","-114.3637300419997","OWS","OWS1","Q036","","Education","EDU","College graduate","EDUCOGRAD","","","","","","","","","16","","","",""
"57479","2017","2017","2017","IL","Illinois","BRFSS","Obesity / Weight Status","Obesity / Weight Status","Percent of adults aged 18 years and older who have obesity †","","","VALUE","Value","35.8","","","29.7","42.5","320","40.48501028300046","-88.99771017799969","OWS","OWS1","Q036","","Education","EDU","Less than high school","EDUHS","","","","","","","","","17","","","",""
"57480","2017","2017","2017","IL","Illinois","BRFSS","Obesity / Weight Status","Obesity / Weight Status","Percent of adults aged 18 years and older who have obesity †","","","VALUE","Value","33.0","","","29.8","36.3","1,245","40.48501028300046","-88.99771017799969","OWS","OWS1","Q036","","Education","EDU","High school graduate","EDUHSGRAD","","","","","","","","","17","","","",""
"57481","2017","2017","2017","IL","Illinois","BRFSS","Obesity / Weight Status","Obesity / Weight Status","Percent of adults aged 18 years and older who have obesity †","","","VALUE","Value","34.5","","","31.6","37.6","1,388","40.48501028300046","-88.99771017799969","OWS","OWS1","Q036","","Education","EDU","Some college or technical school","EDUCOTEC","","","","","","","","","17","","","",""
"57482","2017","2017","2017","IL","Illinois","BRFSS","Obesity / Weight Status","Obesity / Weight Status","Percent of adults aged 18 years and older who have obesity †","","","VALUE","Value","24.2","","","22.2","26.3","2,289","40.48501028300046","-88.99771017799969","OWS","OWS1","Q036","","Education","EDU","College graduate","EDUCOGRAD","","","","","","","","","17","","","",""
"57122","2017","2017","2017","IN","Indiana","BRFSS","Obesity / Weight Status","Obesity / Weight Status","Percent of adults aged 18 years and older who have obesity †","","","VALUE","Value","33.9","","","30.1","38.0","968","39.766910452000445","-86.14996019399968","OWS","OWS1","Q036","","Education","EDU","Less than high school","EDUHS","","","","","","","","","18","","","",""
"57123","2017","2017","2017","IN","Indiana","BRFSS","Obesity / Weight Status","Obesity / Weight Status","Percent of adults aged 18 years and older who have obesity †","","","VALUE","Value","34.4","","","32.6","36.3","4,342","39.766910452000445","-86.14996019399968","OWS","OWS1","Q036","","Education","EDU","High school graduate","EDUHSGRAD","","","","","","","","","18","","","",""
"57124","2017","2017","2017","IN","Indiana","BRFSS","Obesity / Weight Status","Obesity / Weight Status","Percent of adults aged 18 years and older who have obesity †","","","VALUE","Value","36.2","","","34.1","38.3","3,296","39.766910452000445","-86.14996019399968","OWS","OWS1","Q036","","Education","EDU","Some college or technical school","EDUCOTEC","","","","","","","","","18","","","",""
"57125","2017","2017","2017","IN","Indiana","BRFSS","Obesity / Weight Status","Obesity / Weight Status","Percent of adults aged 18 years and older who have obesity †","","","VALUE","Value","28.7","","","27.0","30.4","4,343","39.766910452000445","-86.14996019399968","OWS","OWS1","Q036","","Education","EDU","College graduate","EDUCOGRAD","","","","","","","","","18","","","",""
"57149","2017","2017","2017","IA","Iowa","BRFSS","Obesity / Weight Status","Obesity / Weight Status","Percent of adults aged 18 years and older who have obesity †","","","VALUE","Value","39.5","","","33.5","45.8","325","42.46940091300047","-93.81649055599968","OWS","OWS1","Q036","","Education","EDU","Less than high school","EDUHS","","","","","","","","","19","","","",""
"57150","2017","2017","2017","IA","Iowa","BRFSS","Obesity / Weight Status","Obesity / Weight Status","Percent of adults aged 18 years and older who have obesity †","","","VALUE","Value","39.9","","","37.6","42.2","2,264","42.46940091300047","-93.81649055599968","OWS","OWS1","Q036","","Education","EDU","High school graduate","EDUHSGRAD","","","","","","","","","19","","","",""
"57151","2017","2017","2017","IA","Iowa","BRFSS","Obesity / Weight Status","Obesity / Weight Status","Percent of adults aged 18 years and older who have obesity †","","","VALUE","Value","38.0","","","35.6","40.4","2,090","42.46940091300047","-93.81649055599968","OWS","OWS1","Q036","","Education","EDU","Some college or technical school","EDUCOTEC","","","","","","","","","19","","","",""
"57152","2017","2017","2017","IA","Iowa","BRFSS","Obesity / Weight Status","Obesity / Weight Status","Percent of adults aged 18 years and older who have obesity †","","","VALUE","Value","28.9","","","27.0","31.0","2,420","42.46940091300047","-93.81649055599968","OWS","OWS1","Q036","","Education","EDU","College graduate","EDUCOGRAD","","","","","","","","","19","","","",""
"57176","2017","2017","2017","KS","Kansas","BRFSS","Obesity / Weight Status","Obesity / Weight Status","Percent of adults aged 18 years and older who have obesity †","","","VALUE","Value","35.9","","","32.1","39.9","859","38.34774030000045","-98.20078122699965","OWS","OWS1","Q036","","Education","EDU","Less than high school","EDUHS","","","","","","","","","20","","","",""
"57177","2017","2017","2017","KS","Kansas","BRFSS","Obesity / Weight Status","Obesity / Weight Status","Percent of adults aged 18 years and older who have obesity †","","","VALUE","Value","33.6","","","32.1","35.2","5,219","38.34774030000045","-98.20078122699965","OWS","OWS1","Q036","","Education","EDU","High school graduate","EDUHSGRAD","","","","","","","","","20","","","",""
"57178","2017","2017","2017","KS","Kansas","BRFSS","Obesity / Weight Status","Obesity / Weight Status","Percent of adults aged 18 years and older who have obesity †","","","VALUE","Value","34.4","","","33.0","35.9","6,049","38.34774030000045","-98.20078122699965","OWS","OWS1","Q036","","Education","EDU","Some college or technical school","EDUCOTEC","","","","","","","","","20","","","",""
"57179","2017","2017","2017","KS","Kansas","BRFSS","Obesity / Weight Status","Obesity / Weight Status","Percent of adults aged 18 years and older who have obesity †","","","VALUE","Value","27.4","","","26.3","28.6","7,630","38.34774030000045","-98.20078122699965","OWS","OWS1","Q036","","Education","EDU","College graduate","EDUCOGRAD","","","","","","","","","20","","","",""
"57872","2017","2017","2017","KY","Kentucky","BRFSS","Obesity / Weight Status","Obesity / Weight Status","Percent of adults aged 18 years and older who have obesity †","","","VALUE","Value","37.0","","","31.6","42.6","747","37.645970271000465","-84.77497104799966","OWS","OWS1","Q036","","Education","EDU","Less than high school","EDUHS","","","","","","","","","21","","","",""
"57873","2017","2017","2017","KY","Kentucky","BRFSS","Obesity / Weight Status","Obesity / Weight Status","Percent of adults aged 18 years and older who have obesity †","","","VALUE","Value","36.0","","","33.1","39.0","2,556","37.645970271000465","-84.77497104799966","OWS","OWS1","Q036","","Education","EDU","High school graduate","EDUHSGRAD","","","","","","","","","21","","","",""
"57874","2017","2017","2017","KY","Kentucky","BRFSS","Obesity / Weight Status","Obesity / Weight Status","Percent of adults aged 18 years and older who have obesity †","","","VALUE","Value","35.2","","","32.2","38.3","2,270","37.645970271000465","-84.77497104799966","OWS","OWS1","Q036","","Education","EDU","Some college or technical school","EDUCOTEC","","","","","","","","","21","","","",""
"57875","2017","2017","2017","KY","Kentucky","BRFSS","Obesity / Weight Status","Obesity / Weight Status","Percent of adults aged 18 years and older who have obesity †","","","VALUE","Value","28.4","","","25.7","31.2","2,436","37.645970271000465","-84.77497104799966","OWS","OWS1","Q036","","Education","EDU","College graduate","EDUCOGRAD","","","","","","","","","21","","","",""
"57899","2017","2017","2017","LA","Louisiana","BRFSS","Obesity / Weight Status","Obesity / Weight Status","Percent of adults aged 18 years and older who have obesity †","","","VALUE","Value","36.4","","","31.1","42.1","437","31.31266064400046","-92.44568007099969","OWS","OWS1","Q036","","Education","EDU","Less than high school","EDUHS","","","","","","","","","22","","","",""
"57900","2017","2017","2017","LA","Louisiana","BRFSS","Obesity / Weight Status","Obesity / Weight Status","Percent of adults aged 18 years and older who have obesity †","","","VALUE","Value","38.6","","","35.4","41.9","1,386","31.31266064400046","-92.44568007099969","OWS","OWS1","Q036","","Education","EDU","High school graduate","EDUHSGRAD","","","","","","","","","22","","","",""
"57901","2017","2017","2017","LA","Louisiana","BRFSS","Obesity / Weight Status","Obesity / Weight Status","Percent of adults aged 18 years and older who have obesity †","","","VALUE","Value","37.7","","","34.4","41.2","1,188","31.31266064400046","-92.44568007099969","OWS","OWS1","Q036","","Education","EDU","Some college or technical school","EDUCOTEC","","","","","","","","","22","","","",""
"57902","2017","2017","2017","LA","Louisiana","BRFSS","Obesity / Weight Status","Obesity / Weight Status","Percent of adults aged 18 years and older who have obesity †","","","VALUE","Value","30.2","","","27.4","33.1","1,422","31.31266064400046","-92.44568007099969","OWS","OWS1","Q036","","Education","EDU","College graduate","EDUCOGRAD","","","","","","","","","22","","","",""
"57926","2017","2017","2017","ME","Maine","BRFSS","Obesity / Weight Status","Obesity / Weight Status","Percent of adults aged 18 years and older who have obesity †","","","VALUE","Value","29.3","","","23.3","36.1","401","45.254228894000505","-68.98503133599962","OWS","OWS1","Q036","","Education","EDU","Less than high school","EDUHS","","","","","","","","","23","","","",""
"57927","2017","2017","2017","ME","Maine","BRFSS","Obesity / Weight Status","Obesity / Weight Status","Percent of adults aged 18 years and older who have obesity †","","","VALUE","Value","33.4","","","30.8","36.1","2,660","45.254228894000505","-68.98503133599962","OWS","OWS1","Q036","","Education","EDU","High school graduate","EDUHSGRAD","","","","","","","","","23","","","",""
"57928","2017","2017","2017","ME","Maine","BRFSS","Obesity / Weight Status","Obesity / Weight Status","Percent of adults aged 18 years and older who have obesity †","","","VALUE","Value","31.1","","","28.4","33.9","2,353","45.254228894000505","-68.98503133599962","OWS","OWS1","Q036","","Education","EDU","Some college or technical school","EDUCOTEC","","","","","","","","","23","","","",""
"57929","2017","2017","2017","ME","Maine","BRFSS","Obesity / Weight Status","Obesity / Weight Status","Percent of adults aged 18 years and older who have obesity †","","","VALUE","Value","21.8","","","19.9","23.7","3,861","45.254228894000505","-68.98503133599962","OWS","OWS1","Q036","","Education","EDU","College graduate","EDUCOGRAD","","","","","","","","","23","","","",""
"57953","2017","2017","2017","MD","Maryland","BRFSS","Obesity / Weight Status","Obesity / Weight Status","Percent of adults aged 18 years and older who have obesity †","","","VALUE","Value","39.9","","","34.1","46.0","614","39.29058096400047","-76.60926011099963","OWS","OWS1","Q036","","Education","EDU","Less than high school","EDUHS","","","","","","","","","24","","","",""
"57954","2017","2017","2017","MD","Maryland","BRFSS","Obesity / Weight Status","Obesity / Weight Status","Percent of adults aged 18 years and older who have obesity †","","","VALUE","Value","35.7","","","33.0","38.4","3,164","39.29058096400047","-76.60926011099963","OWS","OWS1","Q036","","Education","EDU","High school graduate","EDUHSGRAD","","","","","","","","","24","","","",""
"57955","2017","2017","2017","MD","Maryland","BRFSS","Obesity / Weight Status","Obesity / Weight Status","Percent of adults aged 18 years and older who have obesity †","","","VALUE","Value","33.2","","","30.7","35.8","2,825","39.29058096400047","-76.60926011099963","OWS","OWS1","Q036","","Education","EDU","Some college or technical school","EDUCOTEC","","","","","","","","","24","","","",""
"57956","2017","2017","2017","MD","Maryland","BRFSS","Obesity / Weight Status","Obesity / Weight Status","Percent of adults aged 18 years and older who have obesity †","","","VALUE","Value","24.5","","","23.0","26.1","5,749","39.29058096400047","-76.60926011099963","OWS","OWS1","Q036","","Education","EDU","College graduate","EDUCOGRAD","","","","","","","","","24","","","",""
"57503","2017","2017","2017","MA","Massachusetts","BRFSS","Obesity / Weight Status","Obesity / Weight Status","Percent of adults aged 18 years and older who have obesity †","","","VALUE","Value","33.7","","","27.0","41.1","304","42.27687047000046","-72.08269067499964","OWS","OWS1","Q036","","Education","EDU","Less than high school","EDUHS","","","","","","","","","25","","","",""
"57504","2017","2017","2017","MA","Massachusetts","BRFSS","Obesity / Weight Status","Obesity / Weight Status","Percent of adults aged 18 years and older who have obesity †","","","VALUE","Value","32.5","","","28.5","36.8","1,213","42.27687047000046","-72.08269067499964","OWS","OWS1","Q036","","Education","EDU","High school graduate","EDUHSGRAD","","","","","","","","","25","","","",""
"57505","2017","2017","2017","MA","Massachusetts","BRFSS","Obesity / Weight Status","Obesity / Weight Status","Percent of adults aged 18 years and older who have obesity †","","","VALUE","Value","26.3","","","22.9","29.9","1,503","42.27687047000046","-72.08269067499964","OWS","OWS1","Q036","","Education","EDU","Some college or technical school","EDUCOTEC","","","","","","","","","25","","","",""
"57506","2017","2017","2017","MA","Massachusetts","BRFSS","Obesity / Weight Status","Obesity / Weight Status","Percent of adults aged 18 years and older who have obesity †","","","VALUE","Value","19.0","","","17.1","21.2","3,229","42.27687047000046","-72.08269067499964","OWS","OWS1","Q036","","Education","EDU","College graduate","EDUCOGRAD","","","","","","","","","25","","","",""
"57530","2017","2017","2017","MI","Michigan","BRFSS","Obesity / Weight Status","Obesity / Weight Status","Percent of adults aged 18 years and older who have obesity †","","","VALUE","Value","36.9","","","31.9","42.3","484","44.6613195430005","-84.71439026999968","OWS","OWS1","Q036","","Education","EDU","Less than high school","EDUHS","","","","","","","","","26","","","",""
"57531","2017","2017","2017","MI","Michigan","BRFSS","Obesity / Weight Status","Obesity / Weight Status","Percent of adults aged 18 years and older who have obesity †","","","VALUE","Value","34.1","","","32.0","36.2","2,684","44.6613195430005","-84.71439026999968","OWS","OWS1","Q036","","Education","EDU","High school graduate","EDUHSGRAD","","","","","","","","","26","","","",""
"57532","2017","2017","2017","MI","Michigan","BRFSS","Obesity / Weight Status","Obesity / Weight Status","Percent of adults aged 18 years and older who have obesity †","","","VALUE","Value","33.7","","","31.7","35.7","3,052","44.6613195430005","-84.71439026999968","OWS","OWS1","Q036","","Education","EDU","Some college or technical school","EDUCOTEC","","","","","","","","","26","","","",""
"57533","2017","2017","2017","MI","Michigan","BRFSS","Obesity / Weight Status","Obesity / Weight Status","Percent of adults aged 18 years and older who have obesity †","","","VALUE","Value","26.5","","","24.9","28.2","3,887","44.6613195430005","-84.71439026999968","OWS","OWS1","Q036","","Education","EDU","College graduate","EDUCOGRAD","","","","","","","","","26","","","",""
"57557","2017","2017","2017","MN","Minnesota","BRFSS","Obesity / Weight Status","Obesity / Weight Status","Percent of adults aged 18 years and older who have obesity †","","","VALUE","Value","31.7","","","27.1","36.8","573","46.35564873600049","-94.79420050299967","OWS","OWS1","Q036","","Education","EDU","Less than high school","EDUHS","","","","","","","","","27","","","",""
"57558","2017","2017","2017","MN","Minnesota","BRFSS","Obesity / Weight Status","Obesity / Weight Status","Percent of adults aged 18 years and older who have obesity †","","","VALUE","Value","30.3","","","28.5","32.2","3,762","46.35564873600049","-94.79420050299967","OWS","OWS1","Q036","","Education","EDU","High school graduate","EDUHSGRAD","","","","","","","","","27","","","",""
"57559","2017","2017","2017","MN","Minnesota","BRFSS","Obesity / Weight Status","Obesity / Weight Status","Percent of adults aged 18 years and older who have obesity †","","","VALUE","Value","31.4","","","29.8","33.1","4,713","46.35564873600049","-94.79420050299967","OWS","OWS1","Q036","","Education","EDU","Some college or technical school","EDUCOTEC","","","","","","","","","27","","","",""
"57560","2017","2017","2017","MN","Minnesota","BRFSS","Obesity / Weight Status","Obesity / Weight Status","Percent of adults aged 18 years and older who have obesity †","","","VALUE","Value","22.9","","","21.7","24.1","6,356","46.35564873600049","-94.79420050299967","OWS","OWS1","Q036","","Education","EDU","College graduate","EDUCOGRAD","","","","","","","","","27","","","",""
"57584","2017","2017","2017","MS","Mississippi","BRFSS","Obesity / Weight Status","Obesity / Weight Status","Percent of adults aged 18 years and older who have obesity †","","","VALUE","Value","42.8","","","37.0","48.8","509","32.745510099000455","-89.53803082499968","OWS","OWS1","Q036","","Education","EDU","Less than high school","EDUHS","","","","","","","","","28","","","",""
"57585","2017","2017","2017","MS","Mississippi","BRFSS","Obesity / Weight Status","Obesity / Weight Status","Percent of adults aged 18 years and older who have obesity †","","","VALUE","Value","37.6","","","33.9","41.3","1,379","32.745510099000455","-89.53803082499968","OWS","OWS1","Q036","","Education","EDU","High school graduate","EDUHSGRAD","","","","","","","","","28","","","",""
"57586","2017","2017","2017","MS","Mississippi","BRFSS","Obesity / Weight Status","Obesity / Weight Status","Percent of adults aged 18 years and older who have obesity †","","","VALUE","Value","37.8","","","34.3","41.5","1,339","32.745510099000455","-89.53803082499968","OWS","OWS1","Q036","","Education","EDU","Some college or technical school","EDUCOTEC","","","","","","","","","28","","","",""
"57777","2017","2017","2017","MS","Mississippi","BRFSS","Obesity / Weight Status","Obesity / Weight Status","Percent of adults aged 18 years and older who have obesity †","","","VALUE","Value","31.5","","","28.2","34.9","1,505","32.745510099000455","-89.53803082499968","OWS","OWS1","Q036","","Education","EDU","College graduate","EDUCOGRAD","","","","","","","","","28","","","",""
"57801","2017","2017","2017","MO","Missouri","BRFSS","Obesity / Weight Status","Obesity / Weight Status","Percent of adults aged 18 years and older who have obesity †","","","VALUE","Value","32.9","","","27.8","38.3","608","38.635790776000476","-92.56630005299968","OWS","OWS1","Q036","","Education","EDU","Less than high school","EDUHS","","","","","","","","","29","","","",""
"57802","2017","2017","2017","MO","Missouri","BRFSS","Obesity / Weight Status","Obesity / Weight Status","Percent of adults aged 18 years and older who have obesity †","","","VALUE","Value","32.9","","","30.1","35.7","2,172","38.635790776000476","-92.56630005299968","OWS","OWS1","Q036","","Education","EDU","High school graduate","EDUHSGRAD","","","","","","","","","29","","","",""
"57803","2017","2017","2017","MO","Missouri","BRFSS","Obesity / Weight Status","Obesity / Weight Status","Percent of adults aged 18 years and older who have obesity †","","","VALUE","Value","35.5","","","32.7","38.4","1,976","38.635790776000476","-92.56630005299968","OWS","OWS1","Q036","","Education","EDU","Some college or technical school","EDUCOTEC","","","","","","","","","29","","","",""
"57804","2017","2017","2017","MO","Missouri","BRFSS","Obesity / Weight Status","Obesity / Weight Status","Percent of adults aged 18 years and older who have obesity †","","","VALUE","Value","27.9","","","25.5","30.4","2,243","38.635790776000476","-92.56630005299968","OWS","OWS1","Q036","","Education","EDU","College graduate","EDUCOGRAD","","","","","","","","","29","","","",""
"57828","2017","2017","2017","MT","Montana","BRFSS","Obesity / Weight Status","Obesity / Weight Status","Percent of adults aged 18 years and older who have obesity †","","","VALUE","Value","28.4","","","22.3","35.4","342","47.06652897200047","-109.42442064499971","OWS","OWS1","Q036","","Education","EDU","Less than high school","EDUHS","","","","","","","","","30","","","",""
"57829","2017","2017","2017","MT","Montana","BRFSS","Obesity / Weight Status","Obesity / Weight Status","Percent of adults aged 18 years and older who have obesity †","","","VALUE","Value","25.4","","","22.6","28.4","1,601","47.06652897200047","-109.42442064499971","OWS","OWS1","Q036","","Education","EDU","High school graduate","EDUHSGRAD","","","","","","","","","30","","","",""
"57830","2017","2017","2017","MT","Montana","BRFSS","Obesity / Weight Status","Obesity / Weight Status","Percent of adults aged 18 years and older who have obesity †","","","VALUE","Value","26.2","","","23.5","29.0","1,785","47.06652897200047","-109.42442064499971","OWS","OWS1","Q036","","Education","EDU","Some college or technical school","EDUCOTEC","","","","","","","","","30","","","",""
"57831","2017","2017","2017","MT","Montana","BRFSS","Obesity / Weight Status","Obesity / Weight Status","Percent of adults aged 18 years and older who have obesity †","","","VALUE","Value","23.1","","","20.6","25.8","1,774","47.06652897200047","-109.42442064499971","OWS","OWS1","Q036","","Education","EDU","College graduate","EDUCOGRAD","","","","","","","","","30","","","",""
"57855","2017","2017","2017","NE","Nebraska","BRFSS","Obesity / Weight Status","Obesity / Weight Status","Percent of adults aged 18 years and older who have obesity †","","","VALUE","Value","35.3","","","30.6","40.4","854","41.6410409880005","-99.36572062299967","OWS","OWS1","Q036","","Education","EDU","Less than high school","EDUHS","","","","","","","","","31","","","",""
"57856","2017","2017","2017","NE","Nebraska","BRFSS","Obesity / Weight Status","Obesity / Weight Status","Percent of adults aged 18 years and older who have obesity †","","","VALUE","Value","34.3","","","32.2","36.4","4,655","41.6410409880005","-99.36572062299967","OWS","OWS1","Q036","","Education","EDU","High school graduate","EDUHSGRAD","","","","","","","","","31","","","",""
"57857","2017","2017","2017","NE","Nebraska","BRFSS","Obesity / Weight Status","Obesity / Weight Status","Percent of adults aged 18 years and older who have obesity †","","","VALUE","Value","33.8","","","31.7","35.9","4,460","41.6410409880005","-99.36572062299967","OWS","OWS1","Q036","","Education","EDU","Some college or technical school","EDUCOTEC","","","","","","","","","31","","","",""
"57858","2017","2017","2017","NE","Nebraska","BRFSS","Obesity / Weight Status","Obesity / Weight Status","Percent of adults aged 18 years and older who have obesity †","","","VALUE","Value","29.2","","","27.2","31.2","4,345","41.6410409880005","-99.36572062299967","OWS","OWS1","Q036","","Education","EDU","College graduate","EDUCOGRAD","","","","","","","","","31","","","",""
"57978","2017","2017","2017","NV","Nevada","BRFSS","Obesity / Weight Status","Obesity / Weight Status","Percent of adults aged 18 years and older who have obesity †","","","VALUE","Value","27.0","","","20.5","34.6","268","39.493240390000494","-117.07184056399967","OWS","OWS1","Q036","","Education","EDU","Less than high school","EDUHS","","","","","","","","","32","","","",""
"57979","2017","2017","2017","NV","Nevada","BRFSS","Obesity / Weight Status","Obesity / Weight Status","Percent of adults aged 18 years and older who have obesity †","","","VALUE","Value","29.1","","","24.9","33.6","854","39.493240390000494","-117.07184056399967","OWS","OWS1","Q036","","Education","EDU","High school graduate","EDUHSGRAD","","","","","","","","","32","","","",""
"57980","2017","2017","2017","NV","Nevada","BRFSS","Obesity / Weight Status","Obesity / Weight Status","Percent of adults aged 18 years and older who have obesity †","","","VALUE","Value","28.8","","","25.0","32.9","1,200","39.493240390000494","-117.07184056399967","OWS","OWS1","Q036","","Education","EDU","Some college or technical school","EDUCOTEC","","","","","","","","","32","","","",""
"57981","2017","2017","2017","NV","Nevada","BRFSS","Obesity / Weight Status","Obesity / Weight Status","Percent of adults aged 18 years and older who have obesity †","","","VALUE","Value","19.9","","","16.8","23.5","1,168","39.493240390000494","-117.07184056399967","OWS","OWS1","Q036","","Education","EDU","College graduate","EDUCOGRAD","","","","","","","","","32","","","",""
"58005","2017","2017","2017","NH","New Hampshire","BRFSS","Obesity / Weight Status","Obesity / Weight Status","Percent of adults aged 18 years and older who have obesity †","","","VALUE","Value","36.3","","","28.2","45.4","219","43.65595011300047","-71.50036091999965","OWS","OWS1","Q036","","Education","EDU","Less than high school","EDUHS","","","","","","","","","33","","","",""
"58006","2017","2017","2017","NH","New Hampshire","BRFSS","Obesity / Weight Status","Obesity / Weight Status","Percent of adults aged 18 years and older who have obesity †","","","VALUE","Value","31.5","","","28.0","35.2","1,330","43.65595011300047","-71.50036091999965","OWS","OWS1","Q036","","Education","EDU","High school graduate","EDUHSGRAD","","","","","","","","","33","","","",""
"58007","2017","2017","2017","NH","New Hampshire","BRFSS","Obesity / Weight Status","Obesity / Weight Status","Percent of adults aged 18 years and older who have obesity †","","","VALUE","Value","29.1","","","25.6","32.8","1,354","43.65595011300047","-71.50036091999965","OWS","OWS1","Q036","","Education","EDU","Some college or technical school","EDUCOTEC","","","","","","","","","33","","","",""
"58008","2017","2017","2017","NH","New Hampshire","BRFSS","Obesity / Weight Status","Obesity / Weight Status","Percent of adults aged 18 years and older who have obesity †","","","VALUE","Value","22.1","","","19.9","24.5","2,279","43.65595011300047","-71.50036091999965","OWS","OWS1","Q036","","Education","EDU","College graduate","EDUCOGRAD","","","","","","","","","33","","","",""
"58032","2017","2017","2017","NJ","New Jersey","BRFSS","Obesity / Weight Status","Obesity / Weight Status","Percent of adults aged 18 years and older who have obesity †","","","VALUE","Value","36.3","","","30.4","42.6","590","40.13057004800049","-74.27369128799967","OWS","OWS1","Q036","","Education","EDU","Less than high school","EDUHS","","","","","","","","","34","","","",""
"58033","2017","2017","2017","NJ","New Jersey","BRFSS","Obesity / Weight Status","Obesity / Weight Status","Percent of adults aged 18 years and older who have obesity †","","","VALUE","Value","33.5","","","30.4","36.7","2,616","40.13057004800049","-74.27369128799967","OWS","OWS1","Q036","","Education","EDU","High school graduate","EDUHSGRAD","","","","","","","","","34","","","",""
"58034","2017","2017","2017","NJ","New Jersey","BRFSS","Obesity / Weight Status","Obesity / Weight Status","Percent of adults aged 18 years and older who have obesity †","","","VALUE","Value","28.0","","","25.3","30.9","2,496","40.13057004800049","-74.27369128799967","OWS","OWS1","Q036","","Education","EDU","Some college or technical school","EDUCOTEC","","","","","","","","","34","","","",""
"58035","2017","2017","2017","NJ","New Jersey","BRFSS","Obesity / Weight Status","Obesity / Weight Status","Percent of adults aged 18 years and older who have obesity †","","","VALUE","Value","19.2","","","17.4","21.0","4,665","40.13057004800049","-74.27369128799967","OWS","OWS1","Q036","","Education","EDU","College graduate","EDUCOGRAD","","","","","","","","","34","","","",""
"58059","2017","2017","2017","NM","New Mexico","BRFSS","Obesity / Weight Status","Obesity / Weight Status","Percent of adults aged 18 years and older who have obesity †","","","VALUE","Value","33.6","","","28.9","38.7","662","34.52088095200048","-106.24058098499967","OWS","OWS1","Q036","","Education","EDU","Less than high school","EDUHS","","","","","","","","","35","","","",""
"58060","2017","2017","2017","NM","New Mexico","BRFSS","Obesity / Weight Status","Obesity / Weight Status","Percent of adults aged 18 years and older who have obesity †","","","VALUE","Value","29.1","","","26.2","32.2","1,693","34.52088095200048","-106.24058098499967","OWS","OWS1","Q036","","Education","EDU","High school graduate","EDUHSGRAD","","","","","","","","","35","","","",""
"58061","2017","2017","2017","NM","New Mexico","BRFSS","Obesity / Weight Status","Obesity / Weight Status","Percent of adults aged 18 years and older who have obesity †","","","VALUE","Value","28.1","","","25.2","31.2","1,644","34.52088095200048","-106.24058098499967","OWS","OWS1","Q036","","Education","EDU","Some college or technical school","EDUCOTEC","","","","","","","","","35","","","",""
"58062","2017","2017","2017","NM","New Mexico","BRFSS","Obesity / Weight Status","Obesity / Weight Status","Percent of adults aged 18 years and older who have obesity †","","","VALUE","Value","24.3","","","21.8","27.0","2,041","34.52088095200048","-106.24058098499967","OWS","OWS1","Q036","","Education","EDU","College graduate","EDUCOGRAD","","","","","","","","","35","","","",""
"57610","2017","2017","2017","NY","New York","BRFSS","Obesity / Weight Status","Obesity / Weight Status","Percent of adults aged 18 years and older who have obesity †","","","VALUE","Value","33.3","","","29.4","37.3","970","42.82700103200045","-75.54397042699964","OWS","OWS1","Q036","","Education","EDU","Less than high school","EDUHS","","","","","","","","","36","","","",""
"57611","2017","2017","2017","NY","New York","BRFSS","Obesity / Weight Status","Obesity / Weight Status","Percent of adults aged 18 years and older who have obesity †","","","VALUE","Value","28.1","","","25.8","30.5","2,659","42.82700103200045","-75.54397042699964","OWS","OWS1","Q036","","Education","EDU","High school graduate","EDUHSGRAD","","","","","","","","","36","","","",""
"57612","2017","2017","2017","NY","New York","BRFSS","Obesity / Weight Status","Obesity / Weight Status","Percent of adults aged 18 years and older who have obesity †","","","VALUE","Value","28.2","","","26.0","30.5","2,662","42.82700103200045","-75.54397042699964","OWS","OWS1","Q036","","Education","EDU","Some college or technical school","EDUCOTEC","","","","","","","","","36","","","",""
"57613","2017","2017","2017","NY","New York","BRFSS","Obesity / Weight Status","Obesity / Weight Status","Percent of adults aged 18 years and older who have obesity †","","","VALUE","Value","18.7","","","17.3","20.1","4,833","42.82700103200045","-75.54397042699964","OWS","OWS1","Q036","","Education","EDU","College graduate","EDUCOGRAD","","","","","","","","","36","","","",""
"57637","2017","2017","2017","NC","North Carolina","BRFSS","Obesity / Weight Status","Obesity / Weight Status","Percent of adults aged 18 years and older who have obesity †","","","VALUE","Value","35.5","","","29.7","41.7","442","35.466220975000454","-79.15925046299964","OWS","OWS1","Q036","","Education","EDU","Less than high school","EDUHS","","","","","","","","","37","","","",""
"57638","2017","2017","2017","NC","North Carolina","BRFSS","Obesity / Weight Status","Obesity / Weight Status","Percent of adults aged 18 years and older who have obesity †","","","VALUE","Value","32.4","","","29.1","36.0","1,145","35.466220975000454","-79.15925046299964","OWS","OWS1","Q036","","Education","EDU","High school graduate","EDUHSGRAD","","","","","","","","","37","","","",""
"57639","2017","2017","2017","NC","North Carolina","BRFSS","Obesity / Weight Status","Obesity / Weight Status","Percent of adults aged 18 years and older who have obesity †","","","VALUE","Value","36.9","","","33.6","40.4","1,261","35.466220975000454","-79.15925046299964","OWS","OWS1","Q036","","Education","EDU","Some college or technical school","EDUCOTEC","","","","","","","","","37","","","",""
"57640","2017","2017","2017","NC","North Carolina","BRFSS","Obesity / Weight Status","Obesity / Weight Status","Percent of adults aged 18 years and older who have obesity †","","","VALUE","Value","24.0","","","21.6","26.7","1,631","35.466220975000454","-79.15925046299964","OWS","OWS1","Q036","","Education","EDU","College graduate","EDUCOGRAD","","","","","","","","","37","","","",""
"57664","2017","2017","2017","ND","North Dakota","BRFSS","Obesity / Weight Status","Obesity / Weight Status","Percent of adults aged 18 years and older who have obesity †","","","VALUE","Value","30.8","","","25.1","37.3","376","47.47531977900047","-100.11842104899966","OWS","OWS1","Q036","","Education","EDU","Less than high school","EDUHS","","","","","","","","","38","","","",""
"57665","2017","2017","2017","ND","North Dakota","BRFSS","Obesity / Weight Status","Obesity / Weight Status","Percent of adults aged 18 years and older who have obesity †","","","VALUE","Value","36.7","","","33.8","39.8","1,844","47.47531977900047","-100.11842104899966","OWS","OWS1","Q036","","Education","EDU","High school graduate","EDUHSGRAD","","","","","","","","","38","","","",""
"57666","2017","2017","2017","ND","North Dakota","BRFSS","Obesity / Weight Status","Obesity / Weight Status","Percent of adults aged 18 years and older who have obesity †","","","VALUE","Value","35.6","","","32.9","38.3","2,100","47.47531977900047","-100.11842104899966","OWS","OWS1","Q036","","Education","EDU","Some college or technical school","EDUCOTEC","","","","","","","","","38","","","",""
"57667","2017","2017","2017","ND","North Dakota","BRFSS","Obesity / Weight Status","Obesity / Weight Status","Percent of adults aged 18 years and older who have obesity †","","","VALUE","Value","26.6","","","24.4","29.0","2,202","47.47531977900047","-100.11842104899966","OWS","OWS1","Q036","","Education","EDU","College graduate","EDUCOGRAD","","","","","","","","","38","","","",""
"57211","2017","2017","2017","OH","Ohio","BRFSS","Obesity / Weight Status","Obesity / Weight Status","Percent of adults aged 18 years and older who have obesity †","","","VALUE","Value","39.2","","","33.9","44.6","743","40.06021014100048","-82.40426005599966","OWS","OWS1","Q036","","Education","EDU","Less than high school","EDUHS","","","","","","","","","39","","","",""
"57212","2017","2017","2017","OH","Ohio","BRFSS","Obesity / Weight Status","Obesity / Weight Status","Percent of adults aged 18 years and older who have obesity †","","","VALUE","Value","36.0","","","33.8","38.2","4,052","40.06021014100048","-82.40426005599966","OWS","OWS1","Q036","","Education","EDU","High school graduate","EDUHSGRAD","","","","","","","","","39","","","",""
"57213","2017","2017","2017","OH","Ohio","BRFSS","Obesity / Weight Status","Obesity / Weight Status","Percent of adults aged 18 years and older who have obesity †","","","VALUE","Value","35.1","","","32.7","37.5","3,042","40.06021014100048","-82.40426005599966","OWS","OWS1","Q036","","Education","EDU","Some college or technical school","EDUCOTEC","","","","","","","","","39","","","",""
"57214","2017","2017","2017","OH","Ohio","BRFSS","Obesity / Weight Status","Obesity / Weight Status","Percent of adults aged 18 years and older who have obesity †","","","VALUE","Value","26.6","","","24.7","28.5","3,538","40.06021014100048","-82.40426005599966","OWS","OWS1","Q036","","Education","EDU","College graduate","EDUCOGRAD","","","","","","","","","39","","","",""
"57238","2017","2017","2017","OK","Oklahoma","BRFSS","Obesity / Weight Status","Obesity / Weight Status","Percent of adults aged 18 years and older who have obesity †","","","VALUE","Value","37.9","","","32.1","44.0","441","35.47203135600046","-97.52107021399968","OWS","OWS1","Q036","","Education","EDU","Less than high school","EDUHS","","","","","","","","","40","","","",""
"57239","2017","2017","2017","OK","Oklahoma","BRFSS","Obesity / Weight Status","Obesity / Weight Status","Percent of adults aged 18 years and older who have obesity †","","","VALUE","Value","37.9","","","35.1","40.8","1,829","35.47203135600046","-97.52107021399968","OWS","OWS1","Q036","","Education","EDU","High school graduate","EDUHSGRAD","","","","","","","","","40","","","",""
"57240","2017","2017","2017","OK","Oklahoma","BRFSS","Obesity / Weight Status","Obesity / Weight Status","Percent of adults aged 18 years and older who have obesity †","","","VALUE","Value","38.8","","","36.1","41.6","1,929","35.47203135600046","-97.52107021399968","OWS","OWS1","Q036","","Education","EDU","Some college or technical school","EDUCOTEC","","","","","","","","","40","","","",""
"57241","2017","2017","2017","OK","Oklahoma","BRFSS","Obesity / Weight Status","Obesity / Weight Status","Percent of adults aged 18 years and older who have obesity †","","","VALUE","Value","29.9","","","27.5","32.5","1,905","35.47203135600046","-97.52107021399968","OWS","OWS1","Q036","","Education","EDU","College graduate","EDUCOGRAD","","","","","","","","","40","","","",""
"57265","2017","2017","2017","OR","Oregon","BRFSS","Obesity / Weight Status","Obesity / Weight Status","Percent of adults aged 18 years and older who have obesity †","","","VALUE","Value","37.9","","","31.5","44.8","258","44.56744942400047","-120.15503132599969","OWS","OWS1","Q036","","Education","EDU","Less than high school","EDUHS","","","","","","","","","41","","","",""
"57266","2017","2017","2017","OR","Oregon","BRFSS","Obesity / Weight Status","Obesity / Weight Status","Percent of adults aged 18 years and older who have obesity †","","","VALUE","Value","33.2","","","30.1","36.4","1,112","44.56744942400047","-120.15503132599969","OWS","OWS1","Q036","","Education","EDU","High school graduate","EDUHSGRAD","","","","","","","","","41","","","",""
"57267","2017","2017","2017","OR","Oregon","BRFSS","Obesity / Weight Status","Obesity / Weight Status","Percent of adults aged 18 years and older who have obesity †","","","VALUE","Value","31.9","","","29.3","34.7","1,468","44.56744942400047","-120.15503132599969","OWS","OWS1","Q036","","Education","EDU","Some college or technical school","EDUCOTEC","","","","","","","","","41","","","",""
"57268","2017","2017","2017","OR","Oregon","BRFSS","Obesity / Weight Status","Obesity / Weight Status","Percent of adults aged 18 years and older who have obesity †","","","VALUE","Value","20.2","","","18.3","22.1","2,054","44.56744942400047","-120.15503132599969","OWS","OWS1","Q036","","Education","EDU","College graduate","EDUCOGRAD","","","","","","","","","41","","","",""
"57292","2017","2017","2017","PA","Pennsylvania","BRFSS","Obesity / Weight Status","Obesity / Weight Status","Percent of adults aged 18 years and older who have obesity †","","","VALUE","Value","36.1","","","29.5","43.2","311","40.79373015200048","-77.86070029399963","OWS","OWS1","Q036","","Education","EDU","Less than high school","EDUHS","","","","","","","","","42","","","",""
"57293","2017","2017","2017","PA","Pennsylvania","BRFSS","Obesity / Weight Status","Obesity / Weight Status","Percent of adults aged 18 years and older who have obesity †","","","VALUE","Value","34.0","","","31.3","36.8","1,810","40.79373015200048","-77.86070029399963","OWS","OWS1","Q036","","Education","EDU","High school graduate","EDUHSGRAD","","","","","","","","","42","","","",""
"57294","2017","2017","2017","PA","Pennsylvania","BRFSS","Obesity / Weight Status","Obesity / Weight Status","Percent of adults aged 18 years and older who have obesity †","","","VALUE","Value","32.1","","","29.3","35.0","1,532","40.79373015200048","-77.86070029399963","OWS","OWS1","Q036","","Education","EDU","Some college or technical school","EDUCOTEC","","","","","","","","","42","","","",""
"57295","2017","2017","2017","PA","Pennsylvania","BRFSS","Obesity / Weight Status","Obesity / Weight Status","Percent of adults aged 18 years and older who have obesity †","","","VALUE","Value","26.1","","","24.0","28.2","2,472","40.79373015200048","-77.86070029399963","OWS","OWS1","Q036","","Education","EDU","College graduate","EDUCOGRAD","","","","","","","","","42","","","",""
"58083","2017","2017","2017","RI","Rhode Island","BRFSS","Obesity / Weight Status","Obesity / Weight Status","Percent of adults aged 18 years and older who have obesity †","","","VALUE","Value","37.6","","","30.8","45.0","314","41.70828019300046","-71.52247031399963","OWS","OWS1","Q036","","Education","EDU","Less than high school","EDUHS","","","","","","","","","44","","","",""
"58084","2017","2017","2017","RI","Rhode Island","BRFSS","Obesity / Weight Status","Obesity / Weight Status","Percent of adults aged 18 years and older who have obesity †","","","VALUE","Value","34.2","","","30.6","37.9","1,269","41.70828019300046","-71.52247031399963","OWS","OWS1","Q036","","Education","EDU","High school graduate","EDUHSGRAD","","","","","","","","","44","","","",""
"58085","2017","2017","2017","RI","Rhode Island","BRFSS","Obesity / Weight Status","Obesity / Weight Status","Percent of adults aged 18 years and older who have obesity †","","","VALUE","Value","29.3","","","26.0","32.8","1,268","41.70828019300046","-71.52247031399963","OWS","OWS1","Q036","","Education","EDU","Some college or technical school","EDUCOTEC","","","","","","","","","44","","","",""
"58086","2017","2017","2017","RI","Rhode Island","BRFSS","Obesity / Weight Status","Obesity / Weight Status","Percent of adults aged 18 years and older who have obesity †","","","VALUE","Value","23.5","","","21.2","25.9","2,277","41.70828019300046","-71.52247031399963","OWS","OWS1","Q036","","Education","EDU","College graduate","EDUCOGRAD","","","","","","","","","44","","","",""
"58205","2017","2017","2017","SC","South Carolina","BRFSS","Obesity / Weight Status","Obesity / Weight Status","Percent of adults aged 18 years and older who have obesity †","","","VALUE","Value","34.0","","","30.2","38.0","1,047","33.998821303000454","-81.04537120699968","OWS","OWS1","Q036","","Education","EDU","Less than high school","EDUHS","","","","","","","","","45","","","",""
"58206","2017","2017","2017","SC","South Carolina","BRFSS","Obesity / Weight Status","Obesity / Weight Status","Percent of adults aged 18 years and older who have obesity †","","","VALUE","Value","37.8","","","35.4","40.3","3,101","33.998821303000454","-81.04537120699968","OWS","OWS1","Q036","","Education","EDU","High school graduate","EDUHSGRAD","","","","","","","","","45","","","",""
"58207","2017","2017","2017","SC","South Carolina","BRFSS","Obesity / Weight Status","Obesity / Weight Status","Percent of adults aged 18 years and older who have obesity †","","","VALUE","Value","35.5","","","33.1","38.0","2,898","33.998821303000454","-81.04537120699968","OWS","OWS1","Q036","","Education","EDU","Some college or technical school","EDUCOTEC","","","","","","","","","45","","","",""
"58208","2017","2017","2017","SC","South Carolina","BRFSS","Obesity / Weight Status","Obesity / Weight Status","Percent of adults aged 18 years and older who have obesity †","","","VALUE","Value","27.7","","","25.7","29.8","3,404","33.998821303000454","-81.04537120699968","OWS","OWS1","Q036","","Education","EDU","College graduate","EDUCOGRAD","","","","","","","","","45","","","",""
"58232","2017","2017","2017","SD","South Dakota","BRFSS","Obesity / Weight Status","Obesity / Weight Status","Percent of adults aged 18 years and older who have obesity †","","","VALUE","Value","40.2","","","31.4","49.6","465","44.353130053000484","-100.3735306369997","OWS","OWS1","Q036","","Education","EDU","Less than high school","EDUHS","","","","","","","","","46","","","",""
"58233","2017","2017","2017","SD","South Dakota","BRFSS","Obesity / Weight Status","Obesity / Weight Status","Percent of adults aged 18 years and older who have obesity †","","","VALUE","Value","32.4","","","28.6","36.4","1,899","44.353130053000484","-100.3735306369997","OWS","OWS1","Q036","","Education","EDU","High school graduate","EDUHSGRAD","","","","","","","","","46","","","",""
"58234","2017","2017","2017","SD","South Dakota","BRFSS","Obesity / Weight Status","Obesity / Weight Status","Percent of adults aged 18 years and older who have obesity †","","","VALUE","Value","32.1","","","28.5","35.9","1,962","44.353130053000484","-100.3735306369997","OWS","OWS1","Q036","","Education","EDU","Some college or technical school","EDUCOTEC","","","","","","","","","46","","","",""
"58235","2017","2017","2017","SD","South Dakota","BRFSS","Obesity / Weight Status","Obesity / Weight Status","Percent of adults aged 18 years and older who have obesity †","","","VALUE","Value","27.8","","","24.8","31.0","2,202","44.353130053000484","-100.3735306369997","OWS","OWS1","Q036","","Education","EDU","College graduate","EDUCOGRAD","","","","","","","","","46","","","",""
"58259","2017","2017","2017","TN","Tennessee","BRFSS","Obesity / Weight Status","Obesity / Weight Status","Percent of adults aged 18 years and older who have obesity †","","","VALUE","Value","35.6","","","29.8","41.8","526","35.68094058000048","-85.77449091399967","OWS","OWS1","Q036","","Education","EDU","Less than high school","EDUHS","","","","","","","","","47","","","",""
"58260","2017","2017","2017","TN","Tennessee","BRFSS","Obesity / Weight Status","Obesity / Weight Status","Percent of adults aged 18 years and older who have obesity †","","","VALUE","Value","33.4","","","30.4","36.4","1,717","35.68094058000048","-85.77449091399967","OWS","OWS1","Q036","","Education","EDU","High school graduate","EDUHSGRAD","","","","","","","","","47","","","",""
"58261","2017","2017","2017","TN","Tennessee","BRFSS","Obesity / Weight Status","Obesity / Weight Status","Percent of adults aged 18 years and older who have obesity †","","","VALUE","Value","36.5","","","33.1","40.0","1,392","35.68094058000048","-85.77449091399967","OWS","OWS1","Q036","","Education","EDU","Some college or technical school","EDUCOTEC","","","","","","","","","47","","","",""
"58262","2017","2017","2017","TN","Tennessee","BRFSS","Obesity / Weight Status","Obesity / Weight Status","Percent of adults aged 18 years and older who have obesity †","","","VALUE","Value","25.8","","","23.2","28.6","1,711","35.68094058000048","-85.77449091399967","OWS","OWS1","Q036","","Education","EDU","College graduate","EDUCOGRAD","","","","","","","","","47","","","",""
"58286","2017","2017","2017","TX","Texas","BRFSS","Obesity / Weight Status","Obesity / Weight Status","Percent of adults aged 18 years and older who have obesity †","","","VALUE","Value","40.5","","","35.2","46.0","1,296","31.827240407000488","-99.42677020599967","OWS","OWS1","Q036","","Education","EDU","Less than high school","EDUHS","","","","","","","","","48","","","",""
"58287","2017","2017","2017","TX","Texas","BRFSS","Obesity / Weight Status","Obesity / Weight Status","Percent of adults aged 18 years and older who have obesity †","","","VALUE","Value","35.8","","","32.2","39.6","2,662","31.827240407000488","-99.42677020599967","OWS","OWS1","Q036","","Education","EDU","High school graduate","EDUHSGRAD","","","","","","","","","48","","","",""
"58288","2017","2017","2017","TX","Texas","BRFSS","Obesity / Weight Status","Obesity / Weight Status","Percent of adults aged 18 years and older who have obesity †","","","VALUE","Value","32.7","","","29.3","36.2","2,913","31.827240407000488","-99.42677020599967","OWS","OWS1","Q036","","Education","EDU","Some college or technical school","EDUCOTEC","","","","","","","","","48","","","",""
"58289","2017","2017","2017","TX","Texas","BRFSS","Obesity / Weight Status","Obesity / Weight Status","Percent of adults aged 18 years and older who have obesity †","","","VALUE","Value","25.9","","","23.4","28.6","4,334","31.827240407000488","-99.42677020599967","OWS","OWS1","Q036","","Education","EDU","College graduate","EDUCOGRAD","","","","","","","","","48","","","",""
"58313","2017","2017","2017","UT","Utah","BRFSS","Obesity / Weight Status","Obesity / Weight Status","Percent of adults aged 18 years and older who have obesity †","","","VALUE","Value","25.1","","","20.2","30.7","379","39.360700171000474","-111.58713063499971","OWS","OWS1","Q036","","Education","EDU","Less than high school","EDUHS","","","","","","","","","49","","","",""
"58314","2017","2017","2017","UT","Utah","BRFSS","Obesity / Weight Status","Obesity / Weight Status","Percent of adults aged 18 years and older who have obesity †","","","VALUE","Value","24.9","","","22.8","27.1","2,414","39.360700171000474","-111.58713063499971","OWS","OWS1","Q036","","Education","EDU","High school graduate","EDUHSGRAD","","","","","","","","","49","","","",""
"58315","2017","2017","2017","UT","Utah","BRFSS","Obesity / Weight Status","Obesity / Weight Status","Percent of adults aged 18 years and older who have obesity †","","","VALUE","Value","27.0","","","25.2","28.9","3,012","39.360700171000474","-111.58713063499971","OWS","OWS1","Q036","","Education","EDU","Some college or technical school","EDUCOTEC","","","","","","","","","49","","","",""
"58316","2017","2017","2017","UT","Utah","BRFSS","Obesity / Weight Status","Obesity / Weight Status","Percent of adults aged 18 years and older who have obesity †","","","VALUE","Value","23.1","","","21.6","24.8","3,501","39.360700171000474","-111.58713063499971","OWS","OWS1","Q036","","Education","EDU","College graduate","EDUCOGRAD","","","","","","","","","49","","","",""
"58340","2017","2017","2017","VT","Vermont","BRFSS","Obesity / Weight Status","Obesity / Weight Status","Percent of adults aged 18 years and older who have obesity †","","","VALUE","Value","41.2","","","33.2","49.7","238","43.62538123900049","-72.51764079099962","OWS","OWS1","Q036","","Education","EDU","Less than high school","EDUHS","","","","","","","","","50","","","",""
"58341","2017","2017","2017","VT","Vermont","BRFSS","Obesity / Weight Status","Obesity / Weight Status","Percent of adults aged 18 years and older who have obesity †","","","VALUE","Value","33.5","","","30.5","36.6","1,646","43.62538123900049","-72.51764079099962","OWS","OWS1","Q036","","Education","EDU","High school graduate","EDUHSGRAD","","","","","","","","","50","","","",""
"58342","2017","2017","2017","VT","Vermont","BRFSS","Obesity / Weight Status","Obesity / Weight Status","Percent of adults aged 18 years and older who have obesity †","","","VALUE","Value","27.5","","","24.5","30.7","1,428","43.62538123900049","-72.51764079099962","OWS","OWS1","Q036","","Education","EDU","Some college or technical school","EDUCOTEC","","","","","","","","","50","","","",""
"58343","2017","2017","2017","VT","Vermont","BRFSS","Obesity / Weight Status","Obesity / Weight Status","Percent of adults aged 18 years and older who have obesity †","","","VALUE","Value","18.8","","","17.0","20.8","2,657","43.62538123900049","-72.51764079099962","OWS","OWS1","Q036","","Education","EDU","College graduate","EDUCOGRAD","","","","","","","","","50","","","",""
"58367","2017","2017","2017","VA","Virginia","BRFSS","Obesity / Weight Status","Obesity / Weight Status","Percent of adults aged 18 years and older who have obesity †","","","VALUE","Value","39.5","","","34.0","45.3","576","37.54268067400045","-78.45789046299967","OWS","OWS1","Q036","","Education","EDU","Less than high school","EDUHS","","","","","","","","","51","","","",""
"58368","2017","2017","2017","VA","Virginia","BRFSS","Obesity / Weight Status","Obesity / Weight Status","Percent of adults aged 18 years and older who have obesity †","","","VALUE","Value","32.7","","","30.0","35.4","2,090","37.54268067400045","-78.45789046299967","OWS","OWS1","Q036","","Education","EDU","High school graduate","EDUHSGRAD","","","","","","","","","51","","","",""
"58369","2017","2017","2017","VA","Virginia","BRFSS","Obesity / Weight Status","Obesity / Weight Status","Percent of adults aged 18 years and older who have obesity †","","","VALUE","Value","31.8","","","29.3","34.5","2,264","37.54268067400045","-78.45789046299967","OWS","OWS1","Q036","","Education","EDU","Some college or technical school","EDUCOTEC","","","","","","","","","51","","","",""
"58370","2017","2017","2017","VA","Virginia","BRFSS","Obesity / Weight Status","Obesity / Weight Status","Percent of adults aged 18 years and older who have obesity †","","","VALUE","Value","23.5","","","21.8","25.4","3,862","37.54268067400045","-78.45789046299967","OWS","OWS1","Q036","","Education","EDU","College graduate","EDUCOGRAD","","","","","","","","","51","","","",""
"58108","2017","2017","2017","WA","Washington","BRFSS","Obesity / Weight Status","Obesity / Weight Status","Percent of adults aged 18 years and older who have obesity †","","","VALUE","Value","34.2","","","29.8","38.9","621","47.52227862900048","-120.47001078999972","OWS","OWS1","Q036","","Education","EDU","Less than high school","EDUHS","","","","","","","","","53","","","",""
"58109","2017","2017","2017","WA","Washington","BRFSS","Obesity / Weight Status","Obesity / Weight Status","Percent of adults aged 18 years and older who have obesity †","","","VALUE","Value","31.8","","","29.5","34.1","2,649","47.52227862900048","-120.47001078999972","OWS","OWS1","Q036","","Education","EDU","High school graduate","EDUHSGRAD","","","","","","","","","53","","","",""
"58110","2017","2017","2017","WA","Washington","BRFSS","Obesity / Weight Status","Obesity / Weight Status","Percent of adults aged 18 years and older who have obesity †","","","VALUE","Value","30.2","","","28.3","32.1","3,514","47.52227862900048","-120.47001078999972","OWS","OWS1","Q036","","Education","EDU","Some college or technical school","EDUCOTEC","","","","","","","","","53","","","",""
"58111","2017","2017","2017","WA","Washington","BRFSS","Obesity / Weight Status","Obesity / Weight Status","Percent of adults aged 18 years and older who have obesity †","","","VALUE","Value","19.8","","","18.6","21.1","5,256","47.52227862900048","-120.47001078999972","OWS","OWS1","Q036","","Education","EDU","College graduate","EDUCOGRAD","","","","","","","","","53","","","",""
"58135","2017","2017","2017","WV","West Virginia","BRFSS","Obesity / Weight Status","Obesity / Weight Status","Percent of adults aged 18 years and older who have obesity †","","","VALUE","Value","38.5","","","33.7","43.5","569","38.66551020200046","-80.71264013499967","OWS","OWS1","Q036","","Education","EDU","Less than high school","EDUHS","","","","","","","","","54","","","",""
"58136","2017","2017","2017","WV","West Virginia","BRFSS","Obesity / Weight Status","Obesity / Weight Status","Percent of adults aged 18 years and older who have obesity †","","","VALUE","Value","37.2","","","34.5","39.9","1,811","38.66551020200046","-80.71264013499967","OWS","OWS1","Q036","","Education","EDU","High school graduate","EDUHSGRAD","","","","","","","","","54","","","",""
"58137","2017","2017","2017","WV","West Virginia","BRFSS","Obesity / Weight Status","Obesity / Weight Status","Percent of adults aged 18 years and older who have obesity †","","","VALUE","Value","42.5","","","39.3","45.7","1,316","38.66551020200046","-80.71264013499967","OWS","OWS1","Q036","","Education","EDU","Some college or technical school","EDUCOTEC","","","","","","","","","54","","","",""
"58138","2017","2017","2017","WV","West Virginia","BRFSS","Obesity / Weight Status","Obesity / Weight Status","Percent of adults aged 18 years and older who have obesity †","","","VALUE","Value","33.2","","","30.3","36.2","1,415","38.66551020200046","-80.71264013499967","OWS","OWS1","Q036","","Education","EDU","College graduate","EDUCOGRAD","","","","","","","","","54","","","",""
"58162","2017","2017","2017","WI","Wisconsin","BRFSS","Obesity / Weight Status","Obesity / Weight Status","Percent of adults aged 18 years and older who have obesity †","","","VALUE","Value","37.5","","","29.3","46.5","245","44.39319117400049","-89.81637074199966","OWS","OWS1","Q036","","Education","EDU","Less than high school","EDUHS","","","","","","","","","55","","","",""
"58163","2017","2017","2017","WI","Wisconsin","BRFSS","Obesity / Weight Status","Obesity / Weight Status","Percent of adults aged 18 years and older who have obesity †","","","VALUE","Value","34.2","","","31.1","37.5","1,584","44.39319117400049","-89.81637074199966","OWS","OWS1","Q036","","Education","EDU","High school graduate","EDUHSGRAD","","","","","","","","","55","","","",""
"58164","2017","2017","2017","WI","Wisconsin","BRFSS","Obesity / Weight Status","Obesity / Weight Status","Percent of adults aged 18 years and older who have obesity †","","","VALUE","Value","35.8","","","32.7","39.1","1,552","44.39319117400049","-89.81637074199966","OWS","OWS1","Q036","","Education","EDU","Some college or technical school","EDUCOTEC","","","","","","","","","55","","","",""
"58165","2017","2017","2017","WI","Wisconsin","BRFSS","Obesity / Weight Status","Obesity / Weight Status","Percent of adults aged 18 years and older who have obesity †","","","VALUE","Value","23.0","","","20.7","25.4","1,956","44.39319117400049","-89.81637074199966","OWS","OWS1","Q036","","Education","EDU","College graduate","EDUCOGRAD","","","","","","","","","55","","","",""
"58189","2017","2017","2017","WY","Wyoming","BRFSS","Obesity / Weight Status","Obesity / Weight Status","Percent of adults aged 18 years and older who have obesity †","","","VALUE","Value","19.1","","","13.5","26.3","179","43.23554134300048","-108.10983035299967","OWS","OWS1","Q036","","Education","EDU","Less than high school","EDUHS","","","","","","","","","56","","","",""
"58190","2017","2017","2017","WY","Wyoming","BRFSS","Obesity / Weight Status","Obesity / Weight Status","Percent of adults aged 18 years and older who have obesity †","","","VALUE","Value","31.3","","","28.2","34.7","1,202","43.23554134300048","-108.10983035299967","OWS","OWS1","Q036","","Education","EDU","High school graduate","EDUHSGRAD","","","","","","","","","56","","","",""
"58191","2017","2017","2017","WY","Wyoming","BRFSS","Obesity / Weight Status","Obesity / Weight Status","Percent of adults aged 18 years and older who have obesity †","","","VALUE","Value","32.1","","","29.2","35.2","1,375","43.23554134300048","-108.10983035299967","OWS","OWS1","Q036","","Education","EDU","Some college or technical school","EDUCOTEC","","","","","","","","","56","","","",""
"58192","2017","2017","2017","WY","Wyoming","BRFSS","Obesity / Weight Status","Obesity / Weight Status","Percent of adults aged 18 years and older who have obesity †","","","VALUE","Value","23.6","","","21.0","26.4","1,400","43.23554134300048","-108.10983035299967","OWS","OWS1","Q036","","Education","EDU","College graduate","EDUCOGRAD","","","","","","","","","56","","","",""
"58436","2017","2017","2017","GU","Guam","BRFSS","Obesity / Weight Status","Obesity / Weight Status","Percent of adults aged 18 years and older who have obesity †","","","VALUE","Value","40.5","","","30.6","51.2","119","13.444304","144.793731","OWS","OWS1","Q036","","Education","EDU","Less than high school","EDUHS","","","","","","","","","66","","","",""
"58437","2017","2017","2017","GU","Guam","BRFSS","Obesity / Weight Status","Obesity / Weight Status","Percent of adults aged 18 years and older who have obesity †","","","VALUE","Value","35.4","","","30.6","40.5","507","13.444304","144.793731","OWS","OWS1","Q036","","Education","EDU","High school graduate","EDUHSGRAD","","","","","","","","","66","","","",""
"58438","2017","2017","2017","GU","Guam","BRFSS","Obesity / Weight Status","Obesity / Weight Status","Percent of adults aged 18 years and older who have obesity †","","","VALUE","Value","36.1","","","30.4","42.1","358","13.444304","144.793731","OWS","OWS1","Q036","","Education","EDU","Some college or technical school","EDUCOTEC","","","","","","","","","66","","","",""
"58439","2017","2017","2017","GU","Guam","BRFSS","Obesity / Weight Status","Obesity / Weight Status","Percent of adults aged 18 years and older who have obesity †","","","VALUE","Value","26.1","","","21.5","31.1","441","13.444304","144.793731","OWS","OWS1","Q036","","Education","EDU","College graduate","EDUCOGRAD","","","","","","","","","66","","","",""
"58463","2017","2017","2017","PR","Puerto Rico","BRFSS","Obesity / Weight Status","Obesity / Weight Status","Percent of adults aged 18 years and older who have obesity †","","","VALUE","Value","39.0","","","34.4","43.9","772","18.220833","-66.590149","OWS","OWS1","Q036","","Education","EDU","Less than high school","EDUHS","","","","","","","","","72","","","",""
"58464","2017","2017","2017","PR","Puerto Rico","BRFSS","Obesity / Weight Status","Obesity / Weight Status","Percent of adults aged 18 years and older who have obesity †","","","VALUE","Value","35.9","","","32.3","39.7","1,122","18.220833","-66.590149","OWS","OWS1","Q036","","Education","EDU","High school graduate","EDUHSGRAD","","","","","","","","","72","","","",""
"58465","2017","2017","2017","PR","Puerto Rico","BRFSS","Obesity / Weight Status","Obesity / Weight Status","Percent of adults aged 18 years and older who have obesity †","","","VALUE","Value","30.5","","","26.9","34.3","1,074","18.220833","-66.590149","OWS","OWS1","Q036","","Education","EDU","Some college or technical school","EDUCOTEC","","","","","","","","","72","","","",""
"58466","2017","2017","2017","PR","Puerto Rico","BRFSS","Obesity / Weight Status","Obesity / Weight Status","Percent of adults aged 18 years and older who have obesity †","","","VALUE","Value","26.2","","","23.3","29.3","1,283","18.220833","-66.590149","OWS","OWS1","Q036","","Education","EDU","College graduate","EDUCOGRAD","","","","","","","","","72","","","",""
"58397","2017","2017","2017","VI","Virgin Islands","BRFSS","Obesity / Weight Status","Obesity / Weight Status","Percent of adults aged 18 years and older who have obesity †","","","VALUE","Value","~","~","Data not available because sample size is insufficient.","~","","~","18.335765","-64.896335","OWS","OWS1","Q036","","Education","EDU","Less than high school","EDUHS","","","","","","","","","78","","","",""
"58398","2017","2017","2017","VI","Virgin Islands","BRFSS","Obesity / Weight Status","Obesity / Weight Status","Percent of adults aged 18 years and older who have obesity †","","","VALUE","Value","~","~","Data not available because sample size is insufficient.","~","","~","18.335765","-64.896335","OWS","OWS1","Q036","","Education","EDU","High school graduate","EDUHSGRAD","","","","","","","","","78","","","",""
"58399","2017","2017","2017","VI","Virgin Islands","BRFSS","Obesity / Weight Status","Obesity / Weight Status","Percent of adults aged 18 years and older who have obesity †","","","VALUE","Value","~","~","Data not available because sample size is insufficient.","~","","~","18.335765","-64.896335","OWS","OWS1","Q036","","Education","EDU","Some college or technical school","EDUCOTEC","","","","","","","","","78","","","",""
"58400","2017","2017","2017","VI","Virgin Islands","BRFSS","Obesity / Weight Status","Obesity / Weight Status","Percent of adults aged 18 years and older who have obesity †","","","VALUE","Value","~","~","Data not available because sample size is insufficient.","~","","~","18.335765","-64.896335","OWS","OWS1","Q036","","Education","EDU","College graduate","EDUCOGRAD","","","","","","","","","78","","","",""
"","","","","","","","","","","","","","","","","","","","","","","","","","","","","","","","","","","","","","","","~","Data not available because sample size is insufficient.","","Footnote"
"","","","","","","","","","","","","","","","","","","","","","","","","","","","","","","","","","","","","","","","†","Obese is defined as body mass index (BMI) =30.0; BMI was calculated from self-reported weight and height (weight [kg]/ height [m²). Respondents reporting weight< 50 pounds or =650 pounds; height< 3 feet or =8 feet; or BMI:<12 or =100 were excluded. Pregnant respondents were also excluded.","","Footnote"
"","","","","","","","","","","","","","","","","","","","","","","","","","","","","","","","","","","","","","","","","Behavioral Risk Factor Surveillance System (BRFSS) - http://www.cdc.gov/brfss/","https://www.cdc.gov/brfss/","Data Source"
"","","","","","","","","","","","","","","","","","","","","","","","","","","","","","","","","","","","","","","","","Centers for Disease Control and Prevention. National Center for Chronic Disease Prevention and Health Promotion, Division of Nutrition, Physical Activity, and Obesity. Data, Trend and Maps [online].","/nccdphp/dnpao/data-trends-maps/index.html","Suggested Citation"
"","","","","","","","","","","","","","","","","","","","","","","","","","","","","","","","","","","","","","","","","Breastfeeding","/breastfeeding/index.htm","Related Links"
"","","","","","","","","","","","","","","","","","","","","","","","","","","","","","","","","","","","","","","","","Division of Nutrition, Physical Activity, and Obesity","/nccdphp/dnpao/index.html","Related Links"
"","","","","","","","","","","","","","","","","","","","","","","","","","","","","","","","","","","","","","","","","Physical Activity","/physicalactivity/index.html","Related Links"
"","","","","","","","","","","","","","","","","","","","","","","","","","","","","","","","","","","","","","","","","Chronic Disease Prevention and Health Promotion","/chronicdisease/index.htm","Related Links"
"","","","","","","","","","","","","","","","","","","","","","","","","","","","","","","","","","","","","","","","","Overweight and Obesity","/obesity/index.html","Related Links"
"","","","","","","","","","","","","","","","","","","","","","","","","","","","","","","","","","","","","","","","","State and Local Programs","/nccdphp/dnpao/state-local-programs/index.html","Related Links"
